/*
Navicat MySQL Data Transfer

Source Server         : localhost
Source Server Version : 50505
Source Host           : localhost:3306
Source Database       : multiple

Target Server Type    : MYSQL
Target Server Version : 50505
File Encoding         : 65001

Date: 2016-05-12 00:19:02
*/

SET FOREIGN_KEY_CHECKS=0;

-- ----------------------------
-- Table structure for albums
-- ----------------------------
DROP TABLE IF EXISTS `albums`;
CREATE TABLE `albums` (
  `id` int(10) unsigned NOT NULL AUTO_INCREMENT,
  `artists_id` int(10) unsigned NOT NULL,
  `name` varchar(120) COLLATE utf8_unicode_ci NOT NULL,
  `uri` varchar(120) COLLATE utf8_unicode_ci NOT NULL,
  `rank` int(10) unsigned NOT NULL,
  `playcount` int(10) unsigned NOT NULL,
  `release_date` varchar(32) COLLATE utf8_unicode_ci DEFAULT NULL,
  `summary` text COLLATE utf8_unicode_ci,
  `href` varchar(45) COLLATE utf8_unicode_ci DEFAULT NULL,
  PRIMARY KEY (`id`),
  KEY `artists_id` (`artists_id`),
  KEY `playcount` (`playcount`)
) ENGINE=InnoDB DEFAULT CHARSET=utf8 COLLATE=utf8_unicode_ci;

-- ----------------------------
-- Records of albums
-- ----------------------------

-- ----------------------------
-- Table structure for check_view
-- ----------------------------
DROP TABLE IF EXISTS `check_view`;
CREATE TABLE `check_view` (
  `postid` int(11) NOT NULL DEFAULT '0',
  `user_ip` varchar(15) COLLATE utf8_unicode_ci NOT NULL DEFAULT '1.1.1.1',
  `date_view` datetime NOT NULL DEFAULT CURRENT_TIMESTAMP,
  `vote` int(5) DEFAULT NULL,
  `user_id` int(11) NOT NULL DEFAULT '0',
  PRIMARY KEY (`postid`,`user_id`)
) ENGINE=InnoDB DEFAULT CHARSET=utf8 COLLATE=utf8_unicode_ci AVG_ROW_LENGTH=1820;

-- ----------------------------
-- Records of check_view
-- ----------------------------

-- ----------------------------
-- Table structure for comments
-- ----------------------------
DROP TABLE IF EXISTS `comments`;
CREATE TABLE `comments` (
  `id` int(11) NOT NULL AUTO_INCREMENT,
  `photograph_id` int(11) NOT NULL,
  `created` varchar(255) NOT NULL,
  `author` varchar(255) NOT NULL,
  `body` text NOT NULL,
  PRIMARY KEY (`id`),
  KEY `photograph_id` (`photograph_id`)
) ENGINE=InnoDB DEFAULT CHARSET=utf8 AVG_ROW_LENGTH=1820;

-- ----------------------------
-- Records of comments
-- ----------------------------

-- ----------------------------
-- Table structure for download
-- ----------------------------
DROP TABLE IF EXISTS `download`;
CREATE TABLE `download` (
  `id_download` int(11) NOT NULL AUTO_INCREMENT,
  `title` varchar(200) COLLATE utf8_unicode_ci NOT NULL,
  `path` varchar(200) COLLATE utf8_unicode_ci NOT NULL,
  `status` int(11) NOT NULL DEFAULT '0' COMMENT '9:da duyet',
  `key_link` int(11) NOT NULL,
  `type` varchar(5) COLLATE utf8_unicode_ci DEFAULT 'img',
  `file_type` varchar(5) COLLATE utf8_unicode_ci DEFAULT '',
  `addtime` varchar(14) COLLATE utf8_unicode_ci DEFAULT '',
  `from_link` varchar(25) COLLATE utf8_unicode_ci DEFAULT '',
  PRIMARY KEY (`id_download`)
) ENGINE=InnoDB DEFAULT CHARSET=utf8 COLLATE=utf8_unicode_ci AVG_ROW_LENGTH=413;

-- ----------------------------
-- Records of download
-- ----------------------------

-- ----------------------------
-- Table structure for download_structure
-- ----------------------------
DROP TABLE IF EXISTS `download_structure`;
CREATE TABLE `download_structure` (
  `id` int(11) NOT NULL AUTO_INCREMENT,
  `key` varchar(30) COLLATE utf8_unicode_ci DEFAULT NULL COMMENT 'Title or Content or Image',
  `description` varchar(150) COLLATE utf8_unicode_ci DEFAULT NULL,
  `xpath` varchar(300) COLLATE utf8_unicode_ci DEFAULT NULL,
  `ref_link` varchar(100) COLLATE utf8_unicode_ci DEFAULT NULL COMMENT 'webiste download',
  `element_remove` int(11) DEFAULT '0' COMMENT 'when is 1 then remove elemte from html',
  `from_string` varchar(100) COLLATE utf8_unicode_ci DEFAULT NULL,
  `to_string` varchar(100) COLLATE utf8_unicode_ci DEFAULT NULL,
  `sort` int(2) DEFAULT NULL,
  PRIMARY KEY (`id`)
) ENGINE=InnoDB AUTO_INCREMENT=11 DEFAULT CHARSET=utf8 COLLATE=utf8_unicode_ci;

-- ----------------------------
-- Records of download_structure
-- ----------------------------
INSERT INTO `download_structure` VALUES ('1', 'title', null, 'h1.title', 'http://www.phapluatso.com/', '0', null, null, '1');
INSERT INTO `download_structure` VALUES ('2', 'image', null, 'div.wp-caption img', 'http://www.phapluatso.com/', '0', null, null, '2');
INSERT INTO `download_structure` VALUES ('3', 'content', null, 'div.post-content', 'http://www.phapluatso.com/', '0', null, null, '9');
INSERT INTO `download_structure` VALUES ('4', 'del', null, 'div.ad-single', 'http://www.phapluatso.com/', '1', null, null, '3');
INSERT INTO `download_structure` VALUES ('5', 'replace', null, 'a', 'http://www.phapluatso.com/', '0', 'http://www.phapluatso.com/source/', '../source/', '4');
INSERT INTO `download_structure` VALUES ('7', 'tag', null, 'span.post_tags a', 'http://www.phapluatso.com/', '0', 'http://www.phapluatso.com/t/', '', '5');
INSERT INTO `download_structure` VALUES ('8', 'del', null, 'span.post_tags', 'http://www.phapluatso.com/', '0', null, null, '6');
INSERT INTO `download_structure` VALUES ('9', 'des', 'trich dan', 'div.post-content h2', 'http://www.phapluatso.com/', '0', null, null, '7');
INSERT INTO `download_structure` VALUES ('10', 'del', 'del', 'div.post-content h2', 'http://www.phapluatso.com/', '1', null, null, '8');

-- ----------------------------
-- Table structure for download_temp
-- ----------------------------
DROP TABLE IF EXISTS `download_temp`;
CREATE TABLE `download_temp` (
  `id_dl` int(11) NOT NULL AUTO_INCREMENT,
  `status` int(11) NOT NULL DEFAULT '0',
  `link_dl` varchar(255) CHARACTER SET utf8 NOT NULL DEFAULT '0',
  `caption` varchar(255) COLLATE utf8_unicode_ci DEFAULT NULL,
  `des` varchar(500) COLLATE utf8_unicode_ci DEFAULT NULL,
  `img_link` varchar(255) CHARACTER SET utf8 DEFAULT NULL,
  `addtime` varchar(8) CHARACTER SET utf8 DEFAULT NULL,
  PRIMARY KEY (`id_dl`)
) ENGINE=InnoDB DEFAULT CHARSET=utf8 COLLATE=utf8_unicode_ci;

-- ----------------------------
-- Records of download_temp
-- ----------------------------

-- ----------------------------
-- Table structure for menu
-- ----------------------------
DROP TABLE IF EXISTS `menu`;
CREATE TABLE `menu` (
  `id` int(11) NOT NULL AUTO_INCREMENT,
  `title` text CHARACTER SET utf8 COLLATE utf8_unicode_ci,
  `status` int(11) DEFAULT '1' COMMENT '1. active  0. disable',
  `parent` int(11) DEFAULT '0',
  `link` varchar(30) DEFAULT NULL,
  PRIMARY KEY (`id`)
) ENGINE=InnoDB AUTO_INCREMENT=3 DEFAULT CHARSET=latin1;

-- ----------------------------
-- Records of menu
-- ----------------------------
INSERT INTO `menu` VALUES ('1', 'Home', '1', '0', null);
INSERT INTO `menu` VALUES ('2', 'Xã hội', '1', '0', null);

-- ----------------------------
-- Table structure for posts
-- ----------------------------
DROP TABLE IF EXISTS `posts`;
CREATE TABLE `posts` (
  `id` int(11) NOT NULL AUTO_INCREMENT,
  `filename` varchar(255) COLLATE utf8_unicode_ci NOT NULL DEFAULT '',
  `type` varchar(100) COLLATE utf8_unicode_ci NOT NULL DEFAULT '',
  `size` int(11) DEFAULT NULL,
  `caption` varchar(255) COLLATE utf8_unicode_ci NOT NULL DEFAULT '',
  `des` varchar(500) COLLATE utf8_unicode_ci DEFAULT NULL,
  `content` text COLLATE utf8_unicode_ci NOT NULL,
  `status` int(1) DEFAULT '0' COMMENT '0: doi duyet,1:duyet,3:xoa',
  `adduser` int(11) NOT NULL DEFAULT '0',
  `youtube_key` varchar(20) COLLATE utf8_unicode_ci DEFAULT NULL,
  `url` varchar(200) COLLATE utf8_unicode_ci DEFAULT NULL,
  `total_view` int(11) DEFAULT '0',
  `total_vote` int(11) DEFAULT '0',
  `add_date` date DEFAULT NULL,
  `add_time` time DEFAULT NULL,
  `total_comment` int(11) DEFAULT '0',
  `total_like` int(11) DEFAULT '0',
  `resource` varchar(50) COLLATE utf8_unicode_ci DEFAULT NULL,
  `menu_id` int(11) DEFAULT NULL,
  PRIMARY KEY (`id`)
) ENGINE=InnoDB AUTO_INCREMENT=16 DEFAULT CHARSET=utf8 COLLATE=utf8_unicode_ci AVG_ROW_LENGTH=325;

-- ----------------------------
-- Records of posts
-- ----------------------------
INSERT INTO `posts` VALUES ('7', '2016/05/157334a40a5df0.jpg', 'blog', '0', 'Ông trùm giang hồ run rẩy, ngã qụy bước lên &#8216;đoạn đầu đài&#8217; &#8211; Kỳ cuối', 'Y sợ đến mức không ăn được, thành con ma đói. Ra đến trường bắn, người y mềm nhũn. Khổ cho những người thực thi nhiệm vụ, phải vất vả lắm mới trói được.  ', '<p style=\"text-align: left;\" align=\"center\">Nên có tính cảnh giác rất cao. Nên “khinh” những người lương thiện, chỉn chu&#8230; mà chỉ “nhập” nhóm toàn đối tượng đã vào tù, ra tội hoặc có chút số má trong giới giang hồ. Bởi thế, việc tiếp cận băng nhóm của Nên để tìm “đuôi cáo” không đơn giản. Thế là phải cải trang, phải cài cắm người vào ổ nhóm của chúng&#8230;</p> <p><strong>“Vào hang cọp bắt cọp”</strong></p> <p>Vì bọn Nên manh động, tàn bạo nên việc triệt phá băng nhóm này không thể ngày một, ngày hai mà phải có kế hoạch cụ thể nhằm tránh thương vong cho cán bộ, chiến sỹ công an, cho dân lành. Công an, cài cắm vào băng nhóm tội phạm là điều phải làm. “Chẳng ai muốn “buông” quân của mình “thả” theo bọn tội phạm” – Thiếu tướng Lê Văn Thụ giải thích.</p> <p>Thế nhưng, vì công việc mà họ phải từ người chiến sỹ công an thành “đệ” của tên tội phạm. Một chiến sỹ công an, phải ăn ở nhà Nên thời điểm đó để làm “quân ta”, nói: “Về bản ngã, đó là điều không thể chấp nhận được. Chúng tôi được học hành bài bản, được giáo dục trong môi trường tử tế, không thể làm “đệ” của một thằng vô học, lưu manh”.</p> <div style=\"width: 510px\" class=\"wp-caption alignnone\"><img id=\"img_1\" title=\"Ông trùm giang hồ run rẩy, ngã qụy bước lên \'đoạn đầu đài\' - Kỳ cuối - Ảnh 1\" src=\"../images/2016/05/157334a433f6ef.jpg\" alt=\"Ông trùm giang hồ run rẩy, ngã qụy bước lên \'đoạn đầu đài\' - Kỳ cuối - Ảnh 1\" width=\"500\" height=\"273\" /><p class=\"wp-caption-text\">Cu Nên cuối cùng cũng phải trả giá trước pháp luật bởi bản án tử hình</p></div> <p>Thể hiện sự “trung thành” có chiến sỹ phải đi theo Nên, thậm chí còn phải cùng đàn em của Nên tham gia vào một số vụ việc. Thật trớ trêu.</p> <p>&nbsp;</p> <p>Chính trong quá trình thâm nhập đó mà “người của ta” đã giáo dục, cảm hoá được một số đối tượng trong băng nhóm của Nên. Số đối tượng này đã biết khéo léo từ chối những “nhiệm vụ đặc biệt” mà Nên giao, chỉ cho công an chỗ cất giấu vũ khí, quy luật hoạt động của Nên.</p> <p>“Người của ta” đã mang về cho ban chuyên án đầy đủ, cặn kẽ và rất chi tiết về băng nhóm của Nên, về các ngõ ngách trong nhà Nên cũng như những đường thoát thân mà Nên đã từng khoe với “đệ” rằng, đó là “đường tử”. Nếu vượt được “đường tử”, có nghĩa là được hồi sinh.</p> <p><strong>Kế hoạch hoàn hảo</strong></p> <p>Theo thông tin “người của ta” báo về, Nên sẽ tụ tập đàn em rất đông ở nhà để chuẩn bị cho một “kế hoạch” phạm tội mới quy mô, hoành tráng và gây tiếng vang hơn những lần trước. Đó là tổ chức đánh bạc và cướp bạc ở những sòng đã “có chủ”.</p> <p>Có thể, “huyết chiến” sẽ xảy ra, nếu như “chủ” sòng không đủ sự nhẫn nại hoặc nhận ra, không cần nhẫn nại với cái thằng đầu dao kiếm – tức Cu Nên – này nữa. Mọi việc có thể xảy ra theo chiều hướng xấu: Án mạng, máu chảy, dư luận…</p> <p>Người trực tiếp chỉ huy “trận đánh” ngày ấy là Đại tá Trần Đồn, Phó giám đốc công an thành phố.</p> <p>Theo đó, mục tiêu đặt ra là thuyết phục để Nên đầu hàng. Nếu Nên không đầu hàng thì phải bắt sống, phải bảo toàn tính mạng cho chiến sỹ tham gia chuyên án.</p> <p>Ngày 15/3/1995 được ấn định phá án. Nhà Nên trên đường Lạch Tray, cạnh Cung văn hoá Việt – Tiệp. Y rất cảnh giác, cứ thấy xung quanh nhà đông người là cho “đệ” thăm dò.</p> <p>Hôm đó, ở Cung diễn ra Hội nghị do Trung ương tổ chức, khách từ Hà Nội về rất đông. Đó là thời điểm thuận lợi để chiến sỹ trà trộn vào, còn Nên thì không cảnh giác.</p> <p>Ban chuyên án quyết định: Xe ô tô của người chỉ huy, trinh sát trực tiếp thực hiện phá án đến Cung sớm, cùng với xe đại biểu dự Hội nghị, có biển số Hà Nội. Khi đại biểu của Hội nghị đã yên vị, đang say sưa với thảo luận thì cũng là lúc ban chuyên an bắt đầu hành động.</p> <div style=\"width: 505px\" class=\"wp-caption alignnone\"><img id=\"img_2\" title=\"Ông trùm giang hồ run rẩy, ngã qụy bước lên \'đoạn đầu đài\' - Kỳ cuối - Ảnh 2\" src=\"../images/2016/05/157334a443426d.jpg\" alt=\"Ông trùm giang hồ run rẩy, ngã qụy bước lên \'đoạn đầu đài\' - Kỳ cuối - Ảnh 2\" width=\"495\" height=\"263\" /><p class=\"wp-caption-text\">Cầu Lạch Tray (Hải Phòng) nơi trùm giang hồ Cu Nên từng &#8220;tác oai tác quái&#8221;.</p></div> <p>10giờ 30 phút, Đại tá Trần Đồn ra lệnh cho “người của ta” vào thuyết phục Nên và đồng bọn đầu hàng. Nên không tin là công an vây nhà mình, vì từ sáng đến giờ, chẳng có kẻ lạ mặt nào nhóm ngó ở cổng.</p> <p>&nbsp;</p> <p>Nên cho rằng, “người của ta” nói nhảm, dám dọa dẫm kẻ chuyên đi dọa người khác là Nên. Kế hoạch 2 được sử dụng, Đại tá Trần Đồn lệnh cho tất cả các mục tiêu đột nhập vào nhà Nên. Khi thấy công an vào đông quá, vào bằng tất cả các lối có thể vào được trong nhà, Nên mới biết, “người của ta” nói thật.</p> <p>Biết được sự thật nhưng đã quá muộn, Nên không kịp “trở tay”, không đủ thời gian để suy nghĩ, để lấy súng chống cự lại công an như bản tính manh động vốn có.</p> <p>Hơn nữa, lúc đó “người của ta” trong nhà Nên đã thuyết phục, vận động một số đối tượng không nên chống cự, không nên manh động với giải thích hợp lý rằng: Công an nhiều người hơn, nhiều súng hơn, bắn tốt hơn, chống trả, dễ bị “ăn đạn” lắm.</p> <p>Lúc hỗn loạn, một số “đệ” đã bỏ “thầy” chạy lên tầng thượng, nhảy tường tẩu thoát ra ngoài nhưng bị lực lượng công an bao vây vòng ngoài bắt.</p> <p><strong>Tính thời sự nóng hổi</strong></p> <p>Nên và đồng bọn đã phải trả giá. Thiếu tướng Thụ kể: Đằng sau việc triệt phá băng nhóm này là cả một nỗi đau, có tính thời sự nóng hổi đến tận bây giờ trong cái gọi là tình đồng đội. Chiến sỹ cải trang làm tội phạm là bất đắc dĩ. Họ đã rất vất vả, đóng giả như thật để hoàn thành nhiệm vụ, để đem về tài liệu quý cho đơn vị, sao lại nghi ngờ họ?.</p> <p>Nếu họ không giả như thật thì tội phạm có tin không, có hoàn thành được nhiệm vụ không? Họ phải quan hệ, phải “giao lưu”, thậm chí phải cùng chúng, đứng nhìn chúng phạm tội mà đau, để có tài liệu, có bằng chứng chuyển về cho đơn vị, sao lại đặt vấn đề xem xét tư cách người công an cách mạng đối với họ?.</p> <p>Thiếu tướng Thụ nói tiếp: “Triệt phá nhóm Nên xong, có ý kiến cho rằng, một số trinh sát đã quá đà, đã mất cảnh giác, đã chơi bời, quan hệ sâu với tội phạm, gây dư luận xấu, ảnh hưởng đến hình ảnh người chiến sỹ công an nhân dân, phải kỷ luật.</p> <p>Với tư cách là người đứng đầu, tôi phân định rõ ràng việc công, việc tư. Nếu phát hiện sai phạm, ngoài nhiệm vụ được giao, trinh sát đó sẽ bị xử lý tuỳ theo mức độ sai phạm. Còn nhìn hiện tượng để quy bản chất cho trinh sát cải trang làm nhiệm vụ là không được. Phải thừa nhận rằng, chiến sỹ của ta làm công tác tư tưởng, cảm hoá tốt. Có như vậy, khi công an đột nhập vào đại bản doanh, đàn em của Nên và Nên không còn cái phản xạ manh động là hễ người lạ vào là dơ súng bắn. Bắn để thị uy, còn trúng hay không lại là chuyện khác”.</p> <p>Trong thế giới tội phạm hiện đại như bây giờ, nếu không có nghiệp vụ, phá án sẽ rất khó. Sử dụng nghiệp vụ, phá án xong lại đem nhau ra xem xét thì quả thật đau lắm. Theo tôi, chúng ta làm nghề thì phải rạch ròi giữa dư luận, nghiệp vụ và hiệu quả công việc.</p> <p><strong>Lời kết</strong></p> <p>Người ta kể rằng, khi dọa dẫm, chỉ đạo chém, giết Nên “oai hùng” bao nhiêu thì cận kề cái chết, y sợ sệt bấy nhiêu. Là kẻ ngang ngược, từng tuyên bố với đám đàn em: “Một ngày không nhìn thấy máu, không gây sự thì ăn không ngon”, thế mà lúc nằm trong phòng biệt giam, chờ chết, Nên đã biết khóc, biết làm thơ. Cái chết đến gần, sự “oai hùng” biến mất nhường chỗ cho sự yếu hèn.</p> <p>Lịch sử các tên tội phạm có số ở Việt Nam, khi ra pháp trường vẫn là “đàn anh”, vẫn “oai hùng” xứng đáng với “danh hiệu” cố tìm kiếm khi sống nhưng Nên thì hoàn toàn ngược lại.</p> <p>Người trong cuộc nói rằng: Y sợ đến mức không ăn được, thành con ma đói. Ra đến trường bắn, người y mềm nhũn. Khổ cho những người thực thi nhiệm vụ, phải vất vả lắm mới trói được y thẳng người vào cái cột.</p> <p>Sống ngông cuồng, chết thảm bại là thế, mà gần 15 năm sau, cái bóng của Nên vẫn ma mị, tuy nhiên, cái án tử hình là hình phạt thích đáng nhất dành cho tên tội phạm cực kỳ nguy hiểm này.</p> 										  					<p style=\"text-align: right;\">Nguồn:  <a href=\"../source/nguoiduatin-vn/\" rel=\"tag\">Nguoiduatin.vn</a></p>', '1', '1', null, null, '0', '0', null, null, '0', '0', 'http://www.phapluatso.com/', '2');
INSERT INTO `posts` VALUES ('8', '2016/05/157334aed2d5fd.jpg', 'blog', '0', 'Choáng suất bún chả lèo tèo ở phố cổ giá 100 ngàn đồng dậy sóng mạng', 'Cộng đồng mạng mới đây một lần nữa phải than thở về mức sống đắt đỏ ở Hà Nội. Ở những chỗ khác, một xuất bún chả cũng chỉ 20 - 30 ngàn đồng, nhưng một xuất bún chả ở phố cổ có giá 100 ngàn mà lèo tèo.  ', '<p>Chị T.T chia sẻ: &#8220;Mình không biết mọi người ăn một suất bún chả bao nhiêu tiền,dù ngon hay chán mình nghĩ cũng chỉ rơi vào 50 &#8211; 60 ngàn đồng. Nhưng đúng là lần đầu tiên trong đời mình ăn suất bún chả 50 ngàn với 2 nem 40 ngàn, tổng cộng là 90 ngàn đồng.</p> <p>Đấy là mình còn mang về ăn, còn ngồi ở đấy thì thêm 5 ngàn tiền điều hoà. Đĩa bún thì được có tí, nem tưởng ngon nhưng thật sự quá bình thường&#8221;.</p> <div class=\"VCSortableInPreviewMode\"> <div> <div style=\"width: 510px\" class=\"wp-caption alignnone\"><img id=\"img_352019\" src=\"../images/2016/05/157334afd2dbd7.jpg\" alt=\"Xuất bún chả 100 ngàn của chị T. Nguồn: facebook nhân vật\" width=\"500\" height=\"666\" /><p class=\"wp-caption-text\">Xuất bún chả 100 ngàn của chị T. Nguồn: facebook nhân vật</p></div> </div> <div class=\"PhotoCMS_Caption\">Được biết, chị T.T lần đầu tiên ăn hàng bún chả trên phố Đường Thành này, và chị vô cùng sửng sốt khi thanh toán tiền.</div> </div> <p>Chị này cho biết: &#8220;Do lần đầu tiên mình ăn ở đấy nhưng mua về vì vội đi làm nữa. Chứ mình mà biết quán đấy nổi tiếng thì lại khác. Lần sau rút kinh nghiệm thôi ạ&#8221;.</p> <p>Rất nhiều người &#8220;đọc vị&#8221; là biết ngay hàng bún chả đắt nổi tiếng này. Chủ tài khoản H.N chia sẻ: &#8220;Hàng bún chả này đắt nổi tiếng rồi nên không có gì lạ cả. Trước mình cũng ăn một lần mà ra đi mãi mãi&#8221;.</p> <p>Trên facebook của mình, chị T.T còn chia sẻ: &#8220;Mình không biết các bạn nghĩ thế nào, nhưng mình đi ăn bún chả rất nhiều nơi. Nếu ngon thì không thắc mắc, nhưng chán, mà làm ẩu thì mới đáng nói.</p> <p>Đồ ăn ngon thì dù có đắt cũng không sao, nhưng các bạn thử nghĩ xem không ngon nhưng làm ẩu thì có đáng nói không? Với bản thân mình thấy giá hơi chát thôi, còn với các bạn đi ăn với giá như thế quen rồi là chuyện bình thường. Nhưng đừng vì 1 chuyện nhỏ mà xé ra to xong nói người ta này nọ&#8221;.</p> <p>Bạn X.T thắc mắc: &#8220;Bún chả đã đắt hơn bình thường rồi ấy thế mà còn thu thêm tiền điều hòa là sao. Kiểu này chẳng mấy chốc lại làm giầu không khó&#8221;.</p> <p>Bạn M.T chia sẻ kinh nghiệm trên mạng xã hội: &#8220;Kinh nghiệm để đời từ cái hồi đi đón 2 thằng bạn ở bến xe Giáp Bát. Sáng đi đón 2 thằng nó đói tạt vào quán phở ngay cổng vào gọi 3 bát phở gà.</p> <p>Lúc đang ăn có 1 bàn đứng dậy chả tiền bà chủ tính 90 ngàn 1 bát tưởng bà ấy đùa hóa ra là thật ngậm ngùi móc túi 270 ngàn và thêm 1 lời khuyên của bà chủ lần sau đi đâu ăn gì hỏi giá trước. Và từ ấy em không bao giờ ăn gì mà không hỏi giá trước cả&#8221;.</p> 										  					<p style=\"text-align: right;\">Nguồn:  <a href=\"../source/nguoiduatin-vn/\" rel=\"tag\">Nguoiduatin.vn</a></p>', '1', '1', null, null, '0', '0', null, null, '0', '0', 'http://www.phapluatso.com/', '2');
INSERT INTO `posts` VALUES ('9', '2016/05/157334b0c56686.jpg', 'blog', '0', 'Đau đớn bé trai 2 tháng tuổi bụng chợt to, rốn lồi như chiếc trống', 'Sắp tới bé Phú còn phải trai qua quá trình điều trị lâu dài. Nhưng bố mẹ em dường như đã cạn kiệt.  ', '<p>Từ ngày biết con mình bị bệnh anh Mai Văn Phó (1992) Quy Nhơn, Bình Định chưa bao giờ có một giấc ngủ ngon. Cứ đêm vừa chợp mắt là con trai anh bé Mai Văn Phú (8 tháng tuổi) lại ré lên, quấy khóc vì đau đớn. Dù thương con vạn lần nhưng anh cũng không biết làm gì để xoa dịu nỗi đau ấy cho con.</p> <p>Anh Mai Văn Phú và chị Bích Tuyền (1993) đến với nhau cũng bởi duyên số. Từ nhỏ, anh Phó lớn lên trong cảnh khó khăn thiếu thốn. Cũng bởi gia đình vất vả chỉ trông chờ vào mấy sào ruộng mà anh sớm từ bỏ giấc mơ học hành để chật vật mưu sinh. Rồi anh gặp chị Tuyền kết duyên vợ chồng từ đó.</p> <p>Cứ nghĩ rằng tình yêu ấy sẽ sớm đơm hoa kết trái cho anh cuộc sống hạnh phúc. Nhưng chỉ 2 tháng sau khi cậu con trai yêu thường chào đời, anh phát hiện bé bụng ngày càng to, không có lấy một giấc ngủ ngon.</p> <div style=\"width: 490px\" class=\"wp-caption alignnone\"><img id=\"img_1\" title=\"Đau đớn bé trai 2 tháng tuổi bụng chợt to, rốn lồi như chiếc trống - Ảnh 1\" src=\"../images/2016/05/157334b0dc9f88.jpg\" alt=\"Đau đớn bé trai 2 tháng tuổi bụng chợt to, rốn lồi như chiếc trống - Ảnh 1\" width=\"480\" height=\"640\" /><p class=\"wp-caption-text\">Bé Phú thường xuyên quấy khóc vì khó chịu, đau đớn (Ảnh: NTV)</p></div> <p>Nhiều khi anh cứ nghĩ bé thiếu can xi nên khó chịu. Nhưng quan sát thấy hiện tượng không bình thường vì da bé ngày càng vàng hơn nên anh cho bé lên Bệnh viện Đa khoa tỉnh Bình Định để khám.</p> <p class=\"Image\">Rồi anh như chết ngất đi khi nghe bác sĩ kết luận con trai anh bị u gan nên phải chuyển vào Bệnh viện Nhi Đồng 1 để điều trị. Sau khi làm những xét nghiệm cơ bản anh mới hay bé bị u gan ác tính không thể can thiệp phẫu thuật.</p> <p>Nếu có chỉ có thể vô hóa trị cho khối u xẹp dần mà thôi. Các bác sĩ cũng đã đề nghị chuyển bé qua Bệnh viện Ung bướu để vô những toa hóa chất điều trị bệnh cho con.</p> <p>Theo anh Phó chia sẻ: “Hiện nay bé đã vô 8 toa rồi. Tình hình sức khỏe của bé tiến triển rất chậm. Nói chung là cả một quá trình điều trị lâu dài. Chỉ mong sao cho sức khỏe của bé sớm ổn định và có những biến chuyển tích cực”.</p> <div style=\"width: 510px\" class=\"wp-caption alignnone\"><img id=\"img_2\" title=\"Đau đớn bé trai 2 tháng tuổi bụng chợt to, rốn lồi như chiếc trống - Ảnh 2\" src=\"../images/2016/05/157334b10e5028.jpg\" alt=\"Đau đớn bé trai 2 tháng tuổi bụng chợt to, rốn lồi như chiếc trống - Ảnh 2\" width=\"500\" height=\"666\" /><p class=\"wp-caption-text\">Bụng bé ngày càng phình to (Ảnh: NTV)</p></div> <p>Anh Phó cũng cho hay, hoàn cảnh gia đình anh vô cùng khó khăn. Hai vợ chồng hiện đang làm thuê làm mướn, nhưng đồng lương ít ỏi không đủ trang trải cho cuộc sống.</p> <p class=\"Image\">“Ai thuê gì thì làm nấy thôi à! Nhiều khi em cũng muốn tìm một công việc ổn định để có tiền chăm con, nhưng thời điểm hiện tại kiếm việc khó quá. Từ ngày bé nằm viện con số nợ nần cũng lên tới hàng chục triệu nhưng bệnh tình con chưa có dấu hiệu tích cực”- anh Phó chia sẻ thêm.</p> <p>Với đồng lương ít ỏi, vừa phải trang trải tiền ăn, uống thêm cả chi phí chữa bệnh cho con thì quả là quá sức. Từ đợt con nằm viện, anh chị đã chạy vạy, vay mượn khắp nơi nhưng vẫn thiếu thốn. Nhà có cái gì giá trị, anh chị đều bán hết nhưng làm sao đủ trang trải cho các đợt xạ trị của con.</p> <div style=\"width: 510px\" class=\"wp-caption alignnone\"><img id=\"img_3\" title=\"Đau đớn bé trai 2 tháng tuổi bụng chợt to, rốn lồi như chiếc trống - Ảnh 3\" src=\"../images/2016/05/157334b17d7c59.jpg\" alt=\"Đau đớn bé trai 2 tháng tuổi bụng chợt to, rốn lồi như chiếc trống - Ảnh 3\" width=\"500\" height=\"666\" /><p class=\"wp-caption-text\">Chứng nhân phẫu thuật của bé Phú.</p></div> <p>“Giờ gia đình em cứ cố vậy thôi. Cố được ngày nào hay ngày đó, tất cả vì con. Chỉ mong sao phép nhiệm màu sẽ đến. Em chỉ ước giá như bệnh tật đừng đến với con em, giá như em có thể chịu thay con thì tốt biết bao nhiêu”- Anh Phó buồn bã.</p> <p class=\"Image\">Sắp tới bé Phú còn phải trai qua quá trình điều trị lâu dài. Nhưng bố mẹ em dường như đã cạn kiệt. Từ ngày vào viện để tiết kiệm chi phí bố mẹ em đã phải xin cơm từ thiện để ăn. Vì thế gia đình anh rất cần sự hỗ trợ của cộng đồng.</p> <blockquote><p><strong>Mọi tấm lòng hảo tâm của quý độc giả xin gửi về:</strong></p> <p>Anh: Mai Văn Phó / Địa chỉ : 59 nguyễn thị minh khai. Quy Nhơn. Bình Định.<br /> SDT : 01699501788</p> <p><strong>Hoặc Báo điện tử Người Đưa Tin:</strong></p> <p>Đ/c: Tầng 4, tòa nhà Star Tower, đường Dương Đình Nghệ, Yên Hòa, Cầu Giấy, Hà Nội. ĐT: 04 6295 0202/ 0466754477</p> <p>Tên chủ tài khoản: Báo điện tử Người Đưa Tin</p> <p>Số tài khoản: 19129185908996/ Ngân hàng TMCP Kỹ Thương Việt Nam, Chi nhánh Hoàn Kiếm, phòng giao dịch Lĩnh Nam.</p> <p><strong>Hướng dẫn độc giả cách ghi nội dung chuyển tiền ủng hộ:</strong></p> <p>Để tòa soạn có thể dễ dàng liên hệ lại cho độc giả hỏi lại thông tin, khi chuyển khoản ủng hộ, bạn đọc hãy ghi đầy đủ họ tên, số điện thoại và tên nhân vật tình thương muốn ủng hộ nhé!</p> <p>VD: Nguyễn Văn A/ SĐT: 01233**** ủng hộ (tên người nhận)</p> <p>Xin trân trọng cảm ơn tấm lòng hảo tâm của quý độc giả báo điện tử Người Đưa Tin.</p></blockquote> 										  					<p style=\"text-align: right;\">Nguồn:  <a href=\"../source/nguoiduatin-vn/\" rel=\"tag\">Nguoiduatin.vn</a></p>', '1', '1', null, null, '0', '0', null, null, '0', '0', 'http://www.phapluatso.com/', '2');
INSERT INTO `posts` VALUES ('10', '2016/05/157334b2931067.jpg', 'blog', '0', 'Nữ ngoại cảm xây &#8216;biệt phủ&#8217; chữa bách bệnh bằng&#8230; chai nước lã', 'Sau khi tìm cách mua đất rồi nhập khẩu về Vĩnh Phúc, Hoà đã “mạnh tay” xây dựng biệt phủ, khuếch trương thanh thế hòng lừa đảo những người có tâm lý “có bệnh thì vái tứ phương”.  ', '<p>Vốn có nhiều tai tiếng trong việc tìm mộ liệt sĩ, bị một số tổ chức, cơ quan và cá nhân vạch mặt trò “bịp”. Biết không thể “kiếm ăn” ở lĩnh vực đó, Hoà chuyển sang việc chữa bệnh bằng ngoại cảm. Tuy nhiên việc chữa bệnh của Hoà cũng rất kỳ quái, mang màu sắc “không tưởng”, sặc màu mê tín dị đoạn.</p> <p>Với sự giúp sức của đám đệ tử trong việc đồn thổi khả năng chữa bệnh của mình, nhiều người mắc trọng bệnh đã đến cầu cạnh Hoà. Tuy nhiên chỉ với việc uống nước lã, dĩ nhiên bệnh tình của những người này không thuyên giảm mà có chiều hướng tăng nặng. Vậy nhà ngoại cảm rởm này đã dùng xảo thuật gì để tạo vỏ bọc cũng như lôi kéo người bệnh đến với mình.</p> <p>Vũ Thị Hòa trước khi về thường trú tại Vĩnh Phúc đã sinh sống tại thành phố Yên Bái với nghề buôn bán tự do. Việc buôn bán thua lỗ khiến đầu năm 2011 bà Hòa đã rời khỏi địa phương, ít ai biết Hoà “lang bạt” nơi nào.</p> <div style=\"width: 510px\" class=\"wp-caption alignnone\"><img id=\"img_1\" title=\"Nữ ngoại cảm xây \'biệt phủ\' chữa bách bệnh bằng... chai nước lã - Ảnh 1\" src=\"../images/2016/05/157334b2a6da53.jpg\" alt=\"Nữ ngoại cảm xây \'biệt phủ\' chữa bách bệnh bằng... chai nước lã - Ảnh 1\" width=\"500\" height=\"281\" /><p class=\"wp-caption-text\">Biệt phủ của Hoà nằm trên đất lâm nghiệp.</p></div> <p>Họ chỉ biết rằng, ba tháng sau, Hòa trở lại và mang theo trong mình một sức mạnh siêu nhiên, có năng lực không ai có. Cũng từ đây nhiều người thấy Hoà nổ mình có khả năng tìm kiếm hài cốt liệt sỹ bị thất lạc.</p> <p>&nbsp;</p> <p>Cũng tại thời điểm ấy, Hòa liên tục vắng mặt tại địa phương, tới các tỉnh phía Nam cùng một số người tự xưng là “Đoàn tâm đức Yên Bái” do Chu Xuân Thu (SN 1946, ở tỉnh Yên Bái) làm trưởng đoàn tìm kiếm hài cốt cho nhiều người có nhu cầu.</p> <p>Tuy nhiên, việc làm của Hoà và nhiều người trong nhóm có biểu hiện không minh bạch, không hiệu quả. Nên ban đầu có một số người nhờ vả tìm kiếm, sau thì thưa dần.</p> <p>Sau những vụ tìm hài cốt liệt sỹ do Hòa tổ chức có nhiều biểu hiện mờ ám, Quân khu 7 đã có công văn gửi các đơn vị, cơ quan chức năng và các tỉnh, thành phố thuộc Quân khu nêu rõ Vũ Thị Hòa và nhóm người xưng là “Đoàn tâm đức Yên Bái” không có khả năng đặc biệt tìm kiếm mộ liệt sỹ, đề nghị các đơn vị và địa phương không cho tổ chức tìm kiếm hài cốt liệt sỹ và các hoạt động khác trên địa bàn.</p> <p>Năm 2012, Vũ Thị Hòa về nhà riêng tại thành phố Yên Bái lập bàn thờ Phật, tụ tập “Đoàn tâm đức Yên Bái” và một số người thường xuyên tụ tập để tụng kinh, niệm Phật.</p> <p>Vũ Thị Hòa còn xem vận hạn, bệnh tật và mồ mả cho những người đến hành lễ, chữa bệnh cho một số người bằng cách cho người bệnh uống nước dừa và một số loại nước củ, lá cây không rõ nguồn gốc. Việc làm của Vũ Thị Hòa và Đoàn tâm đức Yên Bái gây ảnh hưởng tới cuộc sống, sinh hoạt của người dân nơi cư trú.</p> <p>Trước tình hình đó, các cơ quan chức năng tỉnh Yên Bái đã tổ chức kiểm tra các hoạt động của Vũ Thị Hòa và Đoàn tâm đức Yên Bái.</p> <div style=\"width: 510px\" class=\"wp-caption alignnone\"><img id=\"img_2\" title=\"Nữ ngoại cảm xây \'biệt phủ\' chữa bách bệnh bằng... chai nước lã - Ảnh 2\" src=\"../images/2016/05/157334b2cdcecc.jpg\" alt=\"Nữ ngoại cảm xây \'biệt phủ\' chữa bách bệnh bằng... chai nước lã - Ảnh 2\" width=\"500\" height=\"695\" /><p class=\"wp-caption-text\">Hoà làm việc với đoàn liên ngành Thị xã Phúc Yên (Vĩnh Phúc).</p></div> <p>Sau khi các cơ quan chức năng yêu cầu Vũ Thị Hòa cùng Đoàn tâm đức Yên Bái phối hợp làm rõ việc khám chữa bệnh và hoạt động tìm hài cốt thất lạc tại địa phương thì Vũ Thị Hòa rời khỏi địa bàn… Sau đó, người ta thấy Hoà xuất hiện tại xã Ngọc Thanh (Thị xã Phúc Yên).</p> <p>&nbsp;</p> <p>Tại đây, Hoà mua đất, xây dựng nhiều gian nhà , lán trại để phục vụ hoạt động tâm linh cũng như để người bệnh đến ở. Cách thức chữa bệnh của Hoà cũng khá lạ. Hoà “truyền năng lượng” làm nóng chai nước Lavie rồi đưa cho người bệnh “chườm” vào chỗ đau, chô bệnh. Đến khi chai nước nguội uống, người bệnh dùng nó uống sẽ chữa được bách bệnh.</p> <p>Chính những tin tức này đã khiến cho “biệt phủ” của Hòa thường xuyên đón nhận khoảng 40 &#8211; 60 người/ngày tìm đến “vái tứ phương”.</p> <p>Những người đến với bà Hòa chủ yếu ở các địa phương xa như Cà Mau, Kiên Giang, Cao Bằng… tất thảy họ đều tin rằng bà Hòa có khả năng chữa bệnh bằng tâm linh, có “năng lượng siêu nhiên”. Họ đều kính cẩn gọi bà Hòa bằng “cô”, tôn thờ như “thánh nhân”.</p> <p>Dãy “biệt phủ” của Vũ Thị Hòa nằm quay lưng về núi đã được đào giao thông hào, trước mặt là một con suối, đường dẫn vào phải đi qua một cây cầu tạm nhỏ xíu chỉ vừa hai người đi bộ. Có lẽ, khi xây dựng nơi này nhằm mục đích chữa bệnh bằng tâm linh, có dấu hiệu mê tín dị đoan, bà Vũ Thị Hòa đã tính toán rất kỹ lưỡng.</p> <p>Khi PV tiếp cận khu vực khám chữa bệnh của “cô” Hòa, chưa kịp đặt chân xuống cây cầu tạm đã có một người đàn ông xưng là “người nhà” chặn lại. Dò xét người lạ kỹ lưỡng, người đàn ông này cho biết hiện “cô” Hòa đi vắng, không thể chữa bệnh. “Năn nỉ” mãi, gã xuống nước và hỏi chữa bệnh gì.</p> <p>PV đề cập việc hỏi để chữa bệnh cho người bị tai nạn, bị liệt dây thần kinh BV nổi tiếng ở Hà Nội cũng bó tay, nhưng gã đàn ông khẳng định “chữa được”, rồi hỏi số điện thoại để “khi nào “cô” Hòa về sẽ thông tin lại ngay”.</p> <p><em>(Còn tiếp&#8230;)</em></p> 										  					<p style=\"text-align: right;\">Nguồn:  <a href=\"../source/nguoiduatin-vn/\" rel=\"tag\">Nguoiduatin.vn</a></p>', '1', '1', null, null, '0', '0', null, null, '0', '0', 'http://www.phapluatso.com/', '2');
INSERT INTO `posts` VALUES ('11', '2016/05/157334b7a6a9e5.', 'blog', '0', 'Bí mật sau phi vụ điều &#8216;ngọc nữ&#8217; đi &#8216;bán hoa&#8217; với đại gia Việt kiều', 'Để che đậy hoạt động môi giới mại dâm, tú bà lấy danh nghĩa công ty tổ chức sự kiện đình đám bậc nhất Việt Nam.  ', '<p><strong>Gái gọi được trá hình “đồ trang sức”</strong></p> <p>Theo các trinh sát Phòng 4 cục Cảnh sát Hình sự (C45 bộ Công an), vào chiều 2/10/2013, lực lượng của phòng đã phối hợp với Công an TP.Hà Nội bắt quả tang 2 đôi nam nữ có hành vi mua bán dâm tại một khách sạn hạng sang trên đường Nguyễn Chánh, TP.Hà Nội.</p> <p>Ngay sau đó, đối tượng cầm đầu đường dây gái gọi cao cấp này là má mì Phạm Thị An Nga (SN 1971, HKTT tại Thủy Nguyên, Hải Phòng) cũng bị bắt giữ tại một quán cà phê cách hiện trường không xa. Từ đây, một đường dây môi giới mại dâm trá hình dưới vỏ bọc công ty tổ chức sự kiện đã được làm rõ.</p> <p>Tại cơ quan công an, hai “chân dài” bán dâm khai, tên H. (SN 1990, trú tại Hà Nội) và N. (SN 1993, trú tại Thanh Hoá), vốn là những “đào” cưng của tú bà An Nga.</p> <p>Sáng cùng ngày, H. và N. có nhận được điện thoại của Nga điều đến khách sạn trên để “tiếp khách”. Tuy nhiên, khi cả hai đang “mây mưa” phục vụ đại gia thì bị bắt.</p> <p>Riêng &#8220;tú bà&#8221; Nga khai, năm 2012 Nga vào làm nhân viên điều hành tại công ty V., một đơn vị chuyên tổ chức sự kiện và cho thuê nhân viên nữ phục vụ lễ khởi công, khai trương nhà hàng, tiếp khách ký hợp đồng…</p> <p>Sau một thời gian, Nga nắm trong tay danh sách các cô gái trẻ của công ty sẵn sàng bán dâm. Nắm bắt cơ hội, Nga tách ra làm riêng bằng nghề chính là cung cấp dịch vụ “gái gọi”. Tuy nhiên, để che đậy hoạt động môi giới mại dâm, Nga vẫn lấy danh nghĩa nhân viên kinh doanh của công ty chuyên tổ chức sự kiện.</p> <p>Được biết, đối tượng mà công ty V. nhắm tới là các đại gia, doanh nhân&#8230; những người muốn thuê các cô gái trẻ đẹp để tâm sự, đưa đi chơi, giả làm thư ký và sẽ trả tiền khủng theo giờ.</p> <p>Lợi dụng vào điều đó, Nga cũng thoả thuận hợp đồng cho khách thuê nhân viên đi du lịch, làm thư ký hoặc hát karaoke, uống cà phê tâm sự&#8230; nhưng thực chất là để hướng tới “Z” nếu được khách trả giá hời.</p> <p><strong>Bí mật “động trời” sau các cuộc vui</strong></p> <p>Tin tức từ một cán bộ C45 cho biết, từ giữa năm 2013, các anh đã nhận được một số thông tin về việc xuất hiện đường dây “gái gọi” chuyên hoạt động dưới hình thức tổ chức sự kiện. Suốt mấy tháng trời, trinh sát được tung ra, xác minh, theo dõi một số đối tượng có biểu hiện nghi vấn nhằm bắt quả tang hành vi phạm pháp.</p> <p>Qua nắm bắt tình hình, các trinh sát nhận thấy, đối tượng Phạm Thị An Nga mặc dù quê ở Hải Phòng nhưng thường xuyên xuất hiện ở Hà Nội, rất ít khi về Hải Phòng. Đặc biệt, Nga thường có mặt ở những nhà hàng, quán bar sang trọng cùng với một số “đại gia” và cả các “chân dài” thuộc diện “đẹp long lanh”.</p> <p>Tuy nhiên, phương thức, thủ đoạn đối phó với cơ quan chức năng của Nga rất tinh vi nên các trinh sát mất khá nhiều thời gian mới nắm bắt được quy luật hoạt động của đường dây này.</p> <p>Các vị khách muốn mua dâm thì gọi điện liên hệ trước với Nga nhưng nếu không phải là khách thân thiết thì Nga không bao giờ nhận lời mà thẳng thừng từ chối.</p> <p>Lúc đầu, bao giờ Nga cũng dẫn các cô em đi ăn, uống cùng với khách trước, sau đó nghe ngóng phía “đối tác”, thử xem có phát hiện dấu hiệu bất ổn nào không, nếu cảm thấy thật sự tin tưởng, Nga mới nhận lời và ngã giá.<br /> <img id=\"img_1\" title=\"Bí mật sau phi vụ điều \'ngọc nữ\' đi \'bán hoa\' với đại gia Việt kiều - Ảnh 1\" src=\"../images/2016/05/157334b7d26406.jpg\" alt=\"Bí mật sau phi vụ điều \'ngọc nữ\' đi \'bán hoa\' với đại gia Việt kiều - Ảnh 1\" width=\"100%\" /></p> <p class=\"Image\">&#8220;Tú bà&#8221; An Nga tại cơ quan điều tra.</p> <p>&nbsp;</p> <p>Khác với các đường dây mại dâm đã bị triệt phá, thường thì khách sẽ là người chủ động về thời gian, địa điểm “mây mưa”, nhưng trong đuờng dây này, địa điểm mua bán dâm chủ yếu do Nga chọn, khách chỉ việc nộp tiền qua tài khoản cho má mì, sau đó cô ta sẽ chủ động liên lạc lại, thông báo thời gian, địa điểm “phục vụ”.</p> <p>Cũng có một hình thức thanh toán khác là khách có thể trả tiền trực tiếp cho “gái gọi”, sau đó, Nga sẽ thuê xe ôm đến lấy tiền môi giới để tránh bị phát hiện. Khi điều gái, Nga thường sử dụng thêm sim điệm thoại phụ đề phòng bất trắc.</p> <p>Trong phi vụ điều “mỹ nữ” đi “mây mưa” lần này, các “vị khách quý” của Nga toàn là Việt kiều, mới ở nước ngoài về Việt Nam nên “tú bà” lựa chọn gái rất kỹ để “chào hàng”.</p> <p>Chính vì thế, mấy cô “đào cưng” của Nga được “trưng dụng”, từ chối tất cả những “đơn đặt hàng” khác mà bị “trùng lịch” để “ra mắt” các đại gia Việt kiều.</p> <p>Trước khi hai bên thống nhất đi đến “Z”, Nga đã dẫn theo “chân dài” đi uống nước với các vị khách Việt Kiều và được họ “kiểm tra” kỹ “hàng” nên mới gật đầu đồng ý.</p> <p><strong>Chiêu “độ” “chân dài” để tăng giá “bán hoa”</strong></p> <p>Tài liệu trinh sát cho thấy, đường dây của Nga luôn có khoảng hai chục gái gọi cao cấp, trong đó có cả những sinh viên đang học tại các trường đại học trên địa bàn Hà Nội.</p> <p>Để thu hút khách mua dâm, Nga lập trang web để quảng cáo “hàng”, chụp ảnh từng cô gái dưới mọi góc độ “nóng bỏng” nhất để khách tham khảo. Thậm chí, Nga còn sử dụng photoshop để “độ đào” cho thêm sức hấp dẫn.</p> <p>Nếu khách đi “tàu nhanh” Nga sẽ thu từ 3,5 &#8211; 6 triệu đồng/lượt; qua đêm thì từ 8 &#8211; 10 triệu đồng/lượt &#8230; Số tiền này, Nga trả cho gái bán dâm từ 3-6 triệu đồng, còn lại thì cô ta hưởng. Trung bình mỗi ngày, Nga môi giới vài gái bán dâm, chưa kể môi giới đi uống cà phê, hát karaoke&#8230; Có ngày Nga thu nhập bất chính tới gần chục triệu đồng.</p> <p>Trở lại công ty V., nơi Nga khai là nhân viên làm việc tại đó. Sau khi sự việc xảy ra, ông giám đốc công ty này đã lên tiếng khẳng định rằng: Công ty V. chuyên tổ chức sự kiện, cho thuê người yêu, thư ký theo buổi, ngày. Công ty có khoảng hơn 1.000 nhân viên gồm Hà Nội và các chi nhánh trong cả nước.</p> <p>Theo hợp đồng của công ty chỉ có các điều khoản nhân viên được đi cùng khách tâm sự, đi chơi hoặc ra mắt gia đình&#8230; chứ hoàn toàn không có các vấn đề “này nọ”. Giá hợp đồng khi khách thuê một nữ nhân viên thấp nhất là 1 triệu đồng/buổi và nhân viên này được nhận đến 70% số tiền đó.</p> <p>Đối với những cô gái trẻ đẹp, khéo giao tiếp thì mỗi tháng có thể thu nhập đến hơn hai chục triệu đồng từ công ty.</p> <p>Tuy nhiên, ông giám đốc công ty V. cũng thừa nhận rằng, việc quản lý của công ty chỉ trên khía cạnh hợp đồng còn giữa khách và nhân viên nảy sinh tình cảm, quan hệ cá nhân bên ngoài thì công ty cũng không quản lý được.</p> <p>“Đã từng có trường hợp một số nhân viên của công ty bị phát hiện bán dâm với giá nghìn “đô” và bị công an bắt quả tang. Tuy nhiên, thời gian nhân viên này đi “tăng ca” hoàn toàn không trong khung thời gian quản lý của công ty”, vị giám đốc khẳng định.</p> <p><strong>Con đường trở thành “gái gọi”… không hề xa</strong></p> <p>Theo thỏa thuận, cứ với mỗi 1 triệu đồng/buổi, khách hàng có thể đưa nhân viên công ty V. đi ăn, đi chơi, đi uống rượu hay bất cứ đâu miễn không trái với quy định của hợp đồng. Và không ít trong số đó là các chuyến đi chơi xa, dài ngày và thậm chí chỉ một khách, một nhân viên.</p> <p>Vậy là, thời gian “hậu hợp đồng”, giữa vòng tay các đại gia lắm tiền nhiều của, lại quen lề thói ăn chơi, con đường trở thành gái gọi của một số nhân viên này xem ra chỉ còn là vấn đề thời gian?!</p> <p>Tại cơ quan điều tra, gái bán dâm H. cũng thú nhận, tú bà Nga từng rủ H. đi bán dâm ở Bến Nghé với giá rất cao. Theo đó, Nga “gạ gẫm” dụ dỗ rằng, gái bán dâm được “cặp” cùng khách đi ăn, đi chơi, đi du lịch, trừ tất cả các khoản, gái bán dâm được hưởng 15 triệu đồng/2 ngày. Tuy nhiên, lần đó vì còn mắc bận các “sự kiện” khác nên H. đã từ chối không đi.</p> 										  					<p style=\"text-align: right;\">Nguồn:  <a href=\"../source/nguoiduatin-vn/\" rel=\"tag\">Nguoiduatin.vn</a></p>', '1', '1', null, null, '0', '0', null, null, '0', '0', 'http://www.phapluatso.com/', '2');
INSERT INTO `posts` VALUES ('12', '2016/05/157334bd1a28b9.jpg', 'blog', '0', 'Lời kể kinh hoàng của người vợ chứng kiến chồng cũ sát hại chồng mới', 'Tin tức mới nhất trong ngày, nảy sinh mâu thuẫn với chồng mới của vợ cũ khi đi thăm con, Nguyễn Hữu Nghĩa đã đâm tử vong anh Nguyễn Hoàng Xuân.  ', '<p>Tin tức từ vụ án đã 2 ngày trôi qua, nhưng chị Nguyễn Thị Bích Phượng (SN 1996, ngụ khóm Nguyễn Du, phường Mỹ Bình, TP. Long Xuyên, An Giang) vẫn chưa thể nào quên thời khắc anh Nguyễn Hoàng Xuân (SN 1995, chồng chị Phượng) bị chính chồng cũ của chị xuống tay sát hại.</p> <p>Giọng chị Phượng kể lại với PV <em>Người Đưa tin</em> không khỏi bàng hoàng, vào tối ngày 7/5, Nguyễn Hữu Nghĩa (SN 1995, ngụ khóm Thới An A, phường Mỹ Thạnh, TP. Long Xuyên) đến nhà chị để thăm đứa con chung giữa hai người.</p> <p>“Vừa đến nơi, nó (Nghĩa &#8211; PV) hỏi: &#8216;Thằng Xuân có nhà không?&#8217;. Tôi bảo không thì nó tiến đến ôm hôn con gái tôi. Được khoảng 10 phút nó bảo phải đi và nói có người bạn chờ ở ngoài. Nào ngờ vừa ra đến đầu ngõ, chồng tôi và nó chạm mặt. “Khỏe không bạn?”, chồng tôi chưa kịp trả lời thì nó đã dùng dao mang theo trong người đâm liên tiếp vào người anh ấy”, chị Phượng kể.</p> <div style=\"width: 510px\" class=\"wp-caption alignnone\"><img id=\"img_1\" title=\"Lời kể kinh hoàng của người vợ chứng kiến chồng cũ sát hại chồng mới - Ảnh 1\" src=\"../images/2016/05/157334bdb491f4.jpg\" alt=\"Lời kể kinh hoàng của người vợ chứng kiến chồng cũ sát hại chồng mới - Ảnh 1\" width=\"500\" height=\"375\" /><p class=\"wp-caption-text\">Chị Phượng trao đổi với PV Người Đưa tin. Ảnh Hồ Linh</p></div> <p>“Bị đâm bất ngờ, chồng tôi cố vùng vẫy thoát thân rồi chạy thẳng vào nhà. Lúc này anh nói: “Phượng ơi chắc tao không sống nổi” rồi ngã quỵ, mặc cho tôi kêu khóc thế nào anh cũng không trả lời. Hoảng quá tôi gọi người dân đến đưa anh đi cấp cứu nhưng cuối cùng cũng không qua khỏi”, chị Phượng nói tiếp.</p> <p class=\"Image\">Theo lời chị Phượng, vào thời điểm năm 2008 chị và đối tượng Nghĩa tiến hành làm lễ cưới (không đăng ký kết hôn). Cưới nhau chưa được nửa năm, chịu không nổi cuộc sống tại nhà chồng nên chị bỏ về nhà sống cùng bố mẹ đẻ.</p> <p>Chị chia sẻ: “Cưới nhau xong, Nghĩa không chịu làm ăn chỉ suốt ngày tụ tập bạn bè ăn chơi, tôi khuyên nhủ thì bị đánh đập thậm tệ. Trước khi cưới tôi đã mang thai hơn 2 tháng, vậy mà bữa ăn hàng ngày của tôi chỉ là mì gói do mẹ của Nghĩa cho tiền mua chứ không có món gì khác. Gần cả tháng trời như vậy làm sao tôi chịu nổi nên bỏ về nhà cha mẹ, từ đó cũng cắt đứt luôn tình nghĩa vợ chồng với Nghĩa”.</p> <p>Đường ai nấy đi hơn 3 năm, chị Phượng quen biết và có tình cảm với anh Xuân. Sau một thời gian tìm hiểu cả hai dọn về sống với nhau như vợ chồng, hằng ngày anh Xuân đi làm công việc xay nước đá cho một cơ sở gần nhà để kiếm tiền lo cho gia đình.</p> <p>Cuộc sống tuy khó khăn nhưng không khí gia đình hết sức đầm ấm, nhất là khi anh Xuân hết mực yêu thương đứa con riêng của vợ như con ruột của mình.</p> <p>“Anh ấy thương yêu mẹ con tôi lắm, điều đó làm tôi vô cùng hạnh phúc. Thêm nữa tôi đang mang thai giọt máu của anh, ngày nào khi đi làm về anh cũng đến ôm bụng tôi và hôn. Cuộc sống vợ chồng tôi đang tốt đẹp mà nỡ lòng nào Nghĩa lại đến và gây ra cảnh tang thương thế này. Mong rằng pháp luật có những biện pháp chế tài thật xứng đáng với những gì mà Nghĩa đã gây ra cho gia đình tôi”, chị Phương nức nở nói.</p> <p>Hiện vụ việc đang được cơ quan công an tiến hành điều tra làm rõ theo quy định của pháp luật.</p> 										  					<p style=\"text-align: right;\">Nguồn:  <a href=\"../source/nguoiduatin-vn/\" rel=\"tag\">Nguoiduatin.vn</a></p>', '1', '1', null, null, '0', '0', null, null, '0', '0', 'http://www.phapluatso.com/', '2');
INSERT INTO `posts` VALUES ('13', '2016/05/157334bf521ca4.png', 'blog', '0', 'Tiếng động lạ trong phòng ngủ khi chồng mải ân ái gã đàn ông khác', 'Chị ú ớ không nói nên lời. Chồng chị nhìn thấy, biết chuyện nhưng kệ, để mặc chị chứng kiến cảnh tượng hãi hùng khi đó. bé vẫn rỉ máu cùng những kí ức kinh hoàng khi bố dắt trai về  ', '<p><strong>Cuộc đào thoát của người đàn bà lấy phải chồng đồng tính</strong></p> <p>Chị H. (Hòa Bình) chia sẻ câu chuyện của mình trong nỗi đau khổ cùng cực với tư cách là người đàn bà lấy nhầm chồng người ta.</p> <div style=\"width: 510px\" class=\"wp-caption alignnone\"><img id=\"img_1\" title=\"Tiếng động lạ trong phòng ngủ khi chồng mải ân ái gã đàn ông khác - Ảnh 1\" src=\"../images/2016/05/157334bf5becbc.png\" alt=\"Tiếng động lạ trong phòng ngủ khi chồng mải ân ái gã đàn ông khác - Ảnh 1\" width=\"500\" height=\"500\" /><p class=\"wp-caption-text\">Người vợ đẹp với nỗi ám ảnh về người chồng</p></div> <p>Hôn nhân của chị cũng giống như mọi người, cũng yêu thương nhau rồi mới cưới. Lúc mới yêu, chị bị mê hoặc bởi vẻ ngoài hào nhoáng, ga lăng chồng. Nhưng khi ràng buộc nhau bởi tờ hôn thú chị mới nhận ra vẻ ngoài hào nhoáng kia chỉ là vỏ bọc của một con quỷ đội lốt người.</p> <p>&#8220;Anh ấy đánh chị như cơm bữa, chẳng cần bất kì lý do gì cũng đánh. Có những lần chị quét nhà không sạch, anh ý cằn nhằn vài câu rồi phi thẳng cái bát vào đầu, vào mặt chị&#8221;, chị H. cay đắng kể lại. PV xin phép không kể quá chi tiết về những hành vi bạo hành ra đây vì nó quá dã man.</p> <p>Tuy nhiên, đó không phải là tất cả những khổ đau mà người đàn bà này chịu đựng. Rơm rớm nước mắt, chị kể lại: &#8220;Rất nhiều người nói chồng mình đồng tính, tức là chỉ yêu những người cùng giới. Lúc đầu, mình không để ý tới quá nhiều miệng lưỡi thiên hạ nhưng rồi trong cuộc sống mình mới thấy chồng mình có biểu hiện lạ&#8221;.</p> <p>Chị kể, chồng không thích gần gũi mình, kể cả để anh &#8220;ăn chay&#8221; cả tháng chồng chị cũng chẳng thèm đoái hoài với chị. Chỉ khi nào chị chủ động anh mới làm qua loa cho xong chuyện.</p> <p>Rồi đến một ngày, chị phải xấu hổ với hàng xóm láng giềng khi một đứa em thân thiết đến tận nhà chị làm ầm ĩ mọi việc vì lí do&#8230; trong cơn say, chồng chị nổi máu dê &#8220;sờ soạn&#8221; cậu em của mình.</p> <p>&#8220;Hôm đó, tự nhiên chồng mình chạy về nhà đóng hết cửa lại. Một lúc sau cậu em mà cả vợ chồng mình coi như thân thiết đến chửi bới. Toàn những câu nói khiến cho người vợ như chị cảm thấy đau đớn. Ví dụ như &#8216;thằng bệnh hoạn thích đàn ông&#8217;,&#8230;. Tuy không quá bất ngờ nhưng thật sự lúc đó chị dường như chỉ muốn chết đi cho đỡ khổ&#8221;, chị H. khi những giọt nước mắt đang rơi lã chã.</p> <p>Sau lần đó, chồng chị đối xử &#8220;tự nhiên&#8221; tốt lên. Anh chiều chị, không đánh đập chị như ngày xưa nữa. Chị muốn ăn gì, muốn mua gì anh chiều chị hết. Cho đến khi chị chuyển về nhà mới, căn nhà mà chị tự bỏ tiền ra mua thì anh bắt đầu lật mặt.</p> <p>Chị H. đau khổ: &#8220;Anh đi làm cũng chưa bao giờ đưa cho chị một đồng tiền chi phí sinh hoạt hay nuôi vợ nuôi con. Tiền của anh, anh để bao trai hết.</p> <p>Có lần anh buột miệng kể cho mình và cũng có lần mình bắt gặp chồng mình ăn nằm với một người đàn ông khác đáng tuổi con mình trên chiếc giường của chị&#8221;.</p> <p>Chị H. cho biết, ngày hôm đó chị đi làm về sớm hơn thường lệ thì thấy những tiếng động lạ trong căn phòng ngủ của mình. Linh tính mách bảo, chị nhẹ nhàng đi lên thì thấy những cảnh tượng kinh hoàng khi người đàn ông mang cái danh là &#8220;chồng&#8221; là &#8220;cha&#8221; của các con mình đang ái ân với một người đàn ông khác.</p> <div style=\"width: 510px\" class=\"wp-caption alignnone\"><img id=\"img_2\" title=\"Tiếng động lạ trong phòng ngủ khi chồng mải ân ái gã đàn ông khác - Ảnh 2\" src=\"../images/2016/05/157334bf6106c6.jpg\" alt=\"Tiếng động lạ trong phòng ngủ khi chồng mải ân ái gã đàn ông khác - Ảnh 2\" width=\"500\" height=\"330\" /><p class=\"wp-caption-text\">Đây chỉ là một vết thương rất nhỏ so với những gì cháu chịu đựng</p></div> <p>Chị ú ớ không nói nên lời. Chồng chị nhìn thấy, biết chuyện nhưng kệ, để mặc chị chứng kiến cảnh tượng hãi hùng khi đó.</p> <p>Tiếp lời, chị H. đau đớn khi nhắc lại: &#8220;Kể từ hôm đó, anh còn chẳng thèm dấu mình là người đồng tính. Có những lần chị đi làm về thấy bao cao su vứt vãi khắp nhà, chị cũng chị nhẹ nhàng khuyên anh là nhà mình có hai đứa con trai, anh muốn gì thì đừng làm ảnh hưởng tới con&#8221;.</p> <p>Nhưng chính vì câu nói đấy, chị được một trận đòn thừa sống thiếu chết. Chồng chị còn nói &#8220;Ngày trước tao ở nhà tập thể, đánh mày lúc nào cũng có người giúp. Bây giờ, nhà mới rồi, tao có đánh chết mày cũng không ai cứu đâu&#8221;.</p> <p>Những trận đòn càng ngày càng tăng, mức độ càng nhiều. Sau những tháng ngày địa ngục như thế, chị trốn thoát khỏi người chồng đội lốt quỷ để tìm lại sự bình yên của cuộc đời mình.</p> <p>Lại một lần nữa, ông trời thử thách cuộc đời chị. Ngày chị ra tòa li dị chồng, dù nói bất kì thứ gì, năn nỉ tòa cho chị nuôi 2 đứa con vì chị biết chồng chị sẽ chẳng bao giờ quan tâm, chăm sóc con mình cả.</p> <p>Nhưng hi vọng, ước mong của chị vụt tắt khi tòa xử anh được nuôi một đứa, chị một đứa. Hai con chị chính thức mỗi người 1 nẻo.</p> <p><strong>Câu chuyện đau đớn của người mẹ bất lực khi thấy con bị bạo hành</strong></p> <p>&#8220;Hôm chị li dị chồng, tòa nói rằng vì chị làm nghề tự do không ổn định nên tòa quyết định cho bố nuôi một đứa, mẹ nuôi một đứa. Chị biết rằng anh ấy sẽ lôi con ra để trả thù chị&#8221;, chị H. kể</p> <p>Đúng như những gì chị dự đoán, chị gần như bị cách li đứa con trai lớn. Có những lần chị lén gặp con trong trường vì nhớ quá. Được một hai lần thì con chị trốn, nhất định không chịu gặp mình.</p> <p>&#8220;Mấy lần mình đến tìm cháu trong trường mà cháu nhất định không chịu gặp chị. Chị chỉ dám nhìn cháu từ đằng xa. Thấy thằng bé khóc, chị lờ mờ hiểu được câu chuyện&#8221;, chị H. tâm sự.</p> <table class=\"tplCaption\" border=\"0\" cellspacing=\"0\" cellpadding=\"3\" align=\"center\"> <tbody> <tr> <td><span class=\"img-share\"><span id=\"shareImage-3\" class=\"shareImage\"><img src=\"../images/2016/05/157334bf64785a.gif\" alt=\"\" width=\"67\" height=\"20\" />   <span title=\"\"><img src=\"../images/2016/05/157334bf6694d8.gif\" alt=\"\" width=\"67\" height=\"20\" /></span></span><img id=\"img_3\" title=\"Tiếng động lạ trong phòng ngủ khi chồng mải ân ái gã đàn ông khác - Ảnh 3\" src=\"../images/2016/05/157334bf6de417.jpg\" alt=\"Tiếng động lạ trong phòng ngủ khi chồng mải ân ái gã đàn ông khác - Ảnh 3\" width=\"100%\" /></span></td> </tr> <tr> <td class=\"tdImage\"> <p class=\"Image\">Kết quả khám định thương tích chị H. gửi cho báo điện tử Người Đưa Tin</p> </td> </tr> </tbody> </table> <p>Về sau, nhờ sự giúp đỡ của cô giáo, đứa con trai 13 tuổi của chị mới chịu nói: &#8220;Bố bảo nếu con gặp mẹ nữa thì bố đánh con chết. Con cũng muốn gặp mẹ lắm&#8221; &#8211; cháu gào lên khóc, chị ngồi cạnh ôm con mà cũng khóc theo.</p> <p>Sau lần đó chị mới phát hiện ra, cháu có vô vàn vết thương trên người do bị bố đánh. Chị gặng hỏi con, con mới nói rằng: &#8220;Bố bảo con ăn cắp tiền nên bố đánh con nhưng con không ăn cắp&#8221;.</p> <p>Con chị đẻ ra, chị biết cháu rất ngoan. Con không bao giờ làm chuyện như thế: &#8220;Có lần có một anh nói với mình rằng, tiền chồng mình đi bao trai xong bị nó lấy, chứ con mình không bao giờ làm thế&#8221;, chị H. khẳng định.</p> <p>Tuy nhiên, niềm mong mỏi của chị lúc này là được đón con về nuôi vì không chỉ bị bạo hành về thể xác, cháu còn bị xâm phạm tinh thần rất nặng nề.</p> <p>&#8220;Cứ mỗi lần phát ra tiếng động mạnh là cháu giật mình thon thót vì ám ảnh những trận đòn roi của bố. Rồi có lần cháu kể, cháu nhìn thấy bố dẫn trai về nhà quan hệ trong phòng bếp. Liệu thử hỏi tâm sinh lí của cháu bị tổn thương như thế nào&#8221;, chị H. bức xúc.</p> <p>Đến nay, chị đã đón hẳn con trai lớn về nuôi bất chấp mọi lời đe dọa từ chồng cũ. Chị H. cầu cứu chúng tôi bằng giọng nói khẩn khoản: &#8220;Các em giúp chị với, chị chỉ cần nuôi con chị không cần bất gì từ anh ta cả. Mong mọi người giúp tôi với&#8221;.</p> 										  					<p style=\"text-align: right;\">Nguồn:  <a href=\"../source/nguoiduatin-vn/\" rel=\"tag\">Nguoiduatin.vn</a></p>', '1', '1', null, null, '0', '0', null, null, '0', '0', 'http://www.phapluatso.com/', '2');
INSERT INTO `posts` VALUES ('14', '2016/05/157334c017ea56.jpg', 'blog', '0', 'Phát bệnh tâm thần vì có vợ quá xinh đẹp, tháo vát!', 'Trong đầu của gã lúc nào cũng nghĩ vợ mình là đứa lăng loàn, vì chị vô cùng xinh đẹp. Trong khi bản thân gã chẳng khác thì gã ăn mày vớ được công chúa. Bỗng dưng một ngày, gã phát điên.  ', '<p>Tại bệnh viện Tâm Thần Trung Ương, PV báo Người Đưa Tin được các y bác sĩ ở đây kể về một trường hợp người chồng phát điên vì vợ quá xinh đẹp.</p> <p>Câu chuyện về người đàn ông này không biết nên thương hay nên trách. Tuy nhiên, xét cho cùng căn bệnh liên quan tới thần kinh “khó chữa” này hằng ngày vẫn nhấn chìm gã trong mê cung của những ảo tưởng mà chính bản thân gã không tìm thấy lối thoát.</p> <p><strong>Phát điên vì lấy vợ&#8230; quá xinh đẹp!</strong></p> <p>Chúng tôi đến bệnh viện Tâm Thần Trung ương vào một ngày đầu hè nắng gắt. Chỉ mới vừa bước tới cổng, ai trong số chúng tôi cũng đều cảm nhận được cái “điên điên, khùng khùng” ở nơi đây nhờ đủ thứ âm thanh hỗn tạp cứ trộn vào với nhau.</p> <div style=\"width: 510px\" class=\"wp-caption alignnone\"><img id=\"img_1\" title=\"Phát bệnh tâm thần vì có vợ quá xinh đẹp, tháo vát! - Ảnh 1\" src=\"../images/2016/05/157334c023119e.jpg\" alt=\"Phát bệnh tâm thần vì có vợ quá xinh đẹp, tháo vát! - Ảnh 1\" width=\"500\" height=\"666\" /><p class=\"wp-caption-text\">Gã luôn có ý định trả thù vợ</p></div> <p>Nào là tiếng gào thét, nào là tiếng khóc lóc ỉ ôi, kể cả những lời van xin vô tội vạ hoặc có những bệnh nhân tự làm đập đầu vào tường. Khi có người lạ đến, hàng tá bệnh nhân gào thét, những cánh tay vươn ra ngoài cánh cổng sắt như muốn cầu xin để thoát ra khỏi vòng xiềng xích của một cái án suốt đời mang tên bệnh&#8230; “điên”.</p> <p>&nbsp;</p> <p>Ngồi trong phòng chờ của bệnh viện, chúng tôi được nghe về một trường hợp không biết nên cảm thông hay chê trách về một người đàn ông trung tuổi đã phát điên do cô vợ quá xinh đẹp.</p> <p>PV nhìn gã, một gã điên giống như những kẻ bị mắc bệnh tâm thân khác. Đôi mắt luôn đảo liên hồi. Thi thoảng chúng lại nhìn xa xa vào khoảng không vô định như chính bản thân gã đã vô tình đánh mất đi lương chi của một con người bình thường.</p> <p>Gã nói những câu chẳng có đầu, có cuối, thi thoảng lại lảm nhảm một câu nói gì đó liên quan tới việc vợ mình ngoại tình. Hoặc có những khoảng khắc gã im lặng mà ôm mặt khóc nức nở.</p> <p>Không biết trong tâm khảm của một người đàn ông từng trải như gã nghĩ gì. Nhưng chắc hẳn nó mông lung lắm mới đủ sức khiến gã nức nở như một đứa trẻ lên 3, cho dù gã đã chẳng còn là chính mình.</p> <p>Tiếp chúng tôi là một người thân của gã. Chị H. đã lặn lội từ Hải Dương lên đây chăm em trai của mình. Trong cái nóng gắt, mồ hôi của chị nhễ nhại nhưng kèm theo chúng là những giọt nước mắt rơi lã chã vì thương em trai.</p> <p>“Nó lấy vợ muộn lắm, vợ nó kém nó vài tuổi nhưng được cái xinh đẹp, tháo vát nên trong gia đình ai cũng thương yêu hết. Ai cũng mong cho đời sống vợ chồng nó được hạnh phúc. Nhưng ai ngờ,&#8230;”, chị H. Thở dài.</p> <p>Tiếng thở dài của chị được chắp nối thêm nhờ những tiếng lảm nhảm của đứa em trai ngồi bên cạnh, “Con T. (tên người vợ) nó đi với trai, mình ở nhà đổ vỏ cho nó”.</p> <p>Gạt đi nước giọt nước mắt tức tưởi, chị H. Kể tiếp: “Thằng em mình thì nó không phải là đẹp trai, nhưng nó cũng chẳng thua kém với bất kì ai. Nhưng khổ nỗi vợ nó đẹp nhất nhì cái làng nhà mình. Không hiểu vì lí do gì phải đến hơn 30, nó mới chấp nhận lấy chồng”.</p> <p>Chị H. tâm sự, hôn nhân của em trai với vợ cũng chẳng phải là tình yêu. Nó chỉ là một cuộc hôn nhân gượng ép do cả 2 đều đã quá lứa, đã qua lâu rồi cái tuổi có thể “kén cá chọn canh”.</p> <p>“Tuy nhiên, phải nói rằng em dâu mình rất ngoan không hề có điều tiếng gì cả, tất cả chỉ do thằng em của mình mà thôi”, chị H. Cho biết.</p> <p><strong>Cuộc đời còn lại của gã điên</strong></p> <p>Chẳng là, chị vợ quá xinh đẹp còn gã chẳng khác gì một gã ăn xin “mèo mù” vớ được nàng công chúa. Cũng chính vì vậy, từ lúc lấy vợ về, gã luôn có tư tưởng vợ mình lăng nhăng, bồ bịch.</p> <div style=\"width: 510px\" class=\"wp-caption alignnone\"><img id=\"img_2\" title=\"Phát bệnh tâm thần vì có vợ quá xinh đẹp, tháo vát! - Ảnh 2\" src=\"../images/2016/05/157334c02841f4.jpg\" alt=\"Phát bệnh tâm thần vì có vợ quá xinh đẹp, tháo vát! - Ảnh 2\" width=\"500\" height=\"666\" /><p class=\"wp-caption-text\">Vì vợ gã quá xinh nên phải có bồ</p></div> <p>Thời gian đầu thì chì chiết, mắng chửi, về sau tần suất tăng dần, gã đánh đập người vợ xinh đẹp của mình chẳng khác gì kẻ thù.</p> <p>&nbsp;</p> <p>“Thật sự mà nói, lúc đầu em mình nói vợ nó bồ bịch bên ngoài, là người nhà ai chẳng tức. Thậm chí, lúc đó nhà mình còn ủng hộ để em trai dạy vợ. Nhưng rồi đến một ngày nhà mình bị vỡ lẽ. Em dâu mình chẳng có gã đàn ông nào cả, tất cả chỉ là do em trai mình đa nghi rồi tự nghĩ ra mà thôi”, chị H. Buồn bã tâm sự.</p> <p>Vợ gã đi làm xa, còn gã ở quê kinh doanh, cũng vì nguyên nhân đó, gã luôn “tự nghĩ” rằng “con vợ mình ở xa chồng kiểu gì chẳng có bồ bên ngoài”.</p> <p>PV hỏi gã, “vì sao anh chắc chắn vợ anh có bồ”. Gã trả lời bằng cái giọng nhè nhẹ, câu nói cụt lủn: “Nó đẹp như thế thì kiểu gì chẳng có trai theo. Tôi biết, tôi biết,&#8230;”,</p> <p>Lời khẳng định của gã được đẩy lên cao trào: “Tôi mà gặp nó, tôi giết chết nó để nó không còn đi theo trai được nữa”. Chị H. Ngồi bên cạnh nhìn em mà ứa nước mắt.</p> <p>“Nó cứ như vậy đấy, không biết chị phải làm sao. Có lần ở quê nó đi uống rượu say về, thấy vợ không có nhà nó lồng lộn lên ghen tuông. Nó đứng trước cửa mà chửi cả làng, cả xóm, chửi đứa nào cặp kè với vợ nó.</p> <p>Có lần nó còn tưởng anh hàng xóm là nhân tình của vợ, thế là nó xông vào đánh đập người ta, chửi bới người ta. Người hiểu chuyện thì chả nói, gặp những người nóng tính họ chửi lại cho. Có người còn đánh cho một trận nhưng rồi đâu lại hoàn đấy”, chị H. cho biết.</p> <p>Căn bệnh của gã đến một ngày, đến người nhà cũng không thể bênh được. Gã khệnh khạng trên những con đường làng, cầm chai rượu gã tu ưng ừng để mà vừa đi vừa chửi, gã chửi làng, chửi xóm, chửi bất kì ai là đàn ông, chửi từ người già cho đến loi choi. Bởi gã tưởng rằng tất cả đàn ông trên thế gian này đều là nhân tình của vợ gã.</p> <p>PV hỏi chị H. về chị vợ liệu thật sự có nhân tình hay không?, chị H. Khẳng định: “Em nó không có đâu. Nhưng nếu bây giờ, em nó có thì chị cũng ủng hộ vì nó khổ quá rồi.</p> <p>Thằng em mình sai hoàn toàn mà, ngày trước ở nhà, nó đánh đập vợ nó nhiều đến nỗi gia đình ai cũng bất bình. Nên giờ em dâu quyết định sao, gia đình cũng không cản”, chị H. thở dài.</p> <p>Chia tay PV, gã vẫn năn nỉ cho về quê để ba mặt một lời với vợ. Thi thoảng hắn lại rít lên những khẩu ngữ không ai hiểu. Đôi mắt tháo láo của hắn luôn nhìn về phía trước mà nguyền rủa, “Tao giết chết mày”&#8230;</p> 										  					<p style=\"text-align: right;\">Nguồn:  <a href=\"../source/nguoiduatin-vn/\" rel=\"tag\">Nguoiduatin.vn</a></p>', '1', '1', null, null, '0', '0', null, null, '0', '0', 'http://www.phapluatso.com/', '2');
INSERT INTO `posts` VALUES ('15', '2016/05/157334c13d6f75.jpg', 'blog', '0', 'Hé màn bí mật cuộc truy bắt ngoạn mục đối tượng giết người bỏ trốn', 'Sau khi giết người, Huyên liền chạy trốn khỏi địa phương. Trong quá trình di chuyển liên tục qua Lào, Tây Nguyên, Đà Nẵng… Huyên luôn mang theo roi điện, bình xịt hơi cay, dao nhọn phòng thân.  ', '<p>Ngày 9/5, tin tức từ Công an huyện Quảng Ninh cho hay, chiều 7/5, nhận tin từ trinh sát báo về Huyên trở về địa phương và đang tìm cách buôn bán ma túy. Nhiều mũi nhọn dày dạn kinh nghiệm của Công an huyện Quảng Ninh được tung vào cuộc, sau hơn 2 tiếng giờ đồng hồ rượt đuổi, lực lượng Công an đã tóm gọn đối tượng.</p> <p>Theo hồ sơ vụ án, vào khoảng15 giờ ngày 18/1/2016, do có mâu thuẫn nên Nguyễn Xuân Huyên (SN 1987, trú Trần Xá, xã Hàm Ninh, huyện Quảng Ninh, Quảng Bình) dùng kiếm dài chém tới tấp anh Phạm Lê Hoàng (SN 1991, trú xã Duy Ninh, huyện Quảng Ninh).</p> <p>Anh Hoàng bị chém 2 nhát vào đầu, 2 nhát vào tay và 1 nhát vào chân, sau khi thấy anh Hoàng gục xuống không còn động đậy đối tượng Huyên đã bỏ trốn khỏi hiện trường.</p> <p>Trước khi gây án, Nguyễn Xuân Huyên là đối tượng mang trong mình nhiều tiền án và hết sức manh động, liều lĩnh.</p> <p>Lãnh đạo Công an huyện Quảng Ninh xác định phải sớm bắt được hung thủ bởi trên đường bỏ trốn, Nguyễn Xuân Huyên luôn mang bên người kiếm, roi điện, bình xịt hơi cay vì vậy hắn có thể tiếp tục gây án khi phát hiện có người theo dõi.</p> <div style=\"width: 510px\" class=\"wp-caption alignnone\"><img id=\"img_1\" title=\"Hé màn bí mật cuộc truy bắt ngoạn mục đối tượng giết người bỏ trốn - Ảnh 1\" src=\"../images/2016/05/157334c147099c.jpg\" alt=\"Hé màn bí mật cuộc truy bắt ngoạn mục đối tượng giết người bỏ trốn - Ảnh 1\" width=\"500\" height=\"370\" /><p class=\"wp-caption-text\">Nguyễn Xuân Huyên bị bắt cùng số ma túy đang trên đường mang đi bán.</p></div> <p>Biết mình bị lực lượng trinh sát truy bắt gắt gao, Huyên đã chạy trốn quan nhiều nơi khác nhau. Có lúc ở Lào, bị trinh sát vây bắt, Huyên lại trốn lên Tây Nguyên, Đà Nẵng.</p> <p>&nbsp;</p> <p>Khoảng 17h30 ngày 7/5/2016, nhận được tin báo Nguyễn Xuân Huyên điều khiển xe ô tô mang BKS:73A-03405 xuất hiện ở thôn Trần Xá, xã Hàm Ninh và đang bán ma túy cho các con nghiện.</p> <p>3 tổ công tác của Công an huyện Quảng Ninh nhận lệnh lập tức lên trường vây bắt đối tượng.</p> <p>Khi phát hiện lực lượng Công an, đối tượng Nguyễn Xuân Huyên đã tìm cách thoát chạy. Trên đường truy đuổi nhiều lần Huyên cố tình dùng ô tô chèn các chiến sĩ Cảnh sát để gây tai nạn.</p> <p>Với quyết tâm không để đối tượng tẩu thoát, Công an huyện Quảng Ninh đã điều động xe tải chặn ngang đường, đồng thời cho trinh sát lao lên tiếp cận đối tượng.</p> <p>Sau hơn 30 phút rượt đuổi, các trinh sát Công an Quảng Ninh đã bắt gọn được Nguyễn Xuân Huyên. Tiến hành kiểm tra xe ô tô do đối tượng điều khiển, Công an đã thu giữ 55 viên ma túy tổng hợp. Tại cơ quan Công an, bước đầu đối tượng đã khai nhận hành vi phạm tội của mình.</p> <p>Hiện vụ việc vẫn đang được cơ quan điều tra tiến hành làm rõ theo quy định của pháp luật.</p> 										  					<p style=\"text-align: right;\">Nguồn:  <a href=\"../source/nguoiduatin-vn/\" rel=\"tag\">Nguoiduatin.vn</a></p>', '1', '1', null, null, '0', '0', null, null, '0', '0', 'http://www.phapluatso.com/', '2');

-- ----------------------------
-- Table structure for tablica
-- ----------------------------
DROP TABLE IF EXISTS `tablica`;
CREATE TABLE `tablica` (
  `kolona1` text COLLATE utf8_vietnamese_ci
) ENGINE=InnoDB DEFAULT CHARSET=utf8 COLLATE=utf8_vietnamese_ci;

-- ----------------------------
-- Records of tablica
-- ----------------------------

-- ----------------------------
-- Table structure for tags
-- ----------------------------
DROP TABLE IF EXISTS `tags`;
CREATE TABLE `tags` (
  `tag_id` int(11) NOT NULL AUTO_INCREMENT,
  `tag_no` varchar(100) COLLATE utf8_unicode_ci DEFAULT NULL,
  `tag_name` varchar(150) COLLATE utf8_unicode_ci DEFAULT NULL,
  PRIMARY KEY (`tag_id`)
) ENGINE=InnoDB AUTO_INCREMENT=16 DEFAULT CHARSET=utf8 COLLATE=utf8_unicode_ci;

-- ----------------------------
-- Records of tags
-- ----------------------------
INSERT INTO `tags` VALUES ('1', 'nuoc-la', 'nước lã');
INSERT INTO `tags` VALUES ('2', 'nu-ngoai-cam', 'Nữ ngoại cảm');
INSERT INTO `tags` VALUES ('3', 'trum-giang-ho', 'trùm giang hồ');
INSERT INTO `tags` VALUES ('4', 'bun-cha', 'bún chả');
INSERT INTO `tags` VALUES ('5', 'pho-co', 'phố cổ');
INSERT INTO `tags` VALUES ('6', 'benh-la', 'bệnh lạ');
INSERT INTO `tags` VALUES ('7', 'dai-gia', 'đại gia');
INSERT INTO `tags` VALUES ('8', 'viet-kieu', 'việt kiều');
INSERT INTO `tags` VALUES ('9', 'an-mang', 'án mạng');
INSERT INTO `tags` VALUES ('10', 'giet-nguoi', 'giết người');
INSERT INTO `tags` VALUES ('11', 'dong-tinh', 'đồng tính');
INSERT INTO `tags` VALUES ('12', 'ngoai-tinh', 'ngoại tình');
INSERT INTO `tags` VALUES ('13', 'phat-dien', 'phát điên');
INSERT INTO `tags` VALUES ('14', 'tam-than', 'tâm thần');
INSERT INTO `tags` VALUES ('15', 'ma-tuy', 'ma túy');

-- ----------------------------
-- Table structure for tags_posts
-- ----------------------------
DROP TABLE IF EXISTS `tags_posts`;
CREATE TABLE `tags_posts` (
  `id` int(11) NOT NULL AUTO_INCREMENT,
  `tag_id` int(11) NOT NULL,
  `post_id` int(11) NOT NULL,
  PRIMARY KEY (`id`)
) ENGINE=InnoDB AUTO_INCREMENT=20 DEFAULT CHARSET=utf8 COLLATE=utf8_unicode_ci;

-- ----------------------------
-- Records of tags_posts
-- ----------------------------
INSERT INTO `tags_posts` VALUES ('4', '3', '7');
INSERT INTO `tags_posts` VALUES ('5', '4', '8');
INSERT INTO `tags_posts` VALUES ('6', '5', '8');
INSERT INTO `tags_posts` VALUES ('7', '6', '9');
INSERT INTO `tags_posts` VALUES ('8', '2', '10');
INSERT INTO `tags_posts` VALUES ('9', '1', '10');
INSERT INTO `tags_posts` VALUES ('10', '7', '11');
INSERT INTO `tags_posts` VALUES ('11', '8', '11');
INSERT INTO `tags_posts` VALUES ('12', '9', '12');
INSERT INTO `tags_posts` VALUES ('13', '10', '12');
INSERT INTO `tags_posts` VALUES ('14', '11', '13');
INSERT INTO `tags_posts` VALUES ('15', '12', '13');
INSERT INTO `tags_posts` VALUES ('16', '13', '14');
INSERT INTO `tags_posts` VALUES ('17', '14', '14');
INSERT INTO `tags_posts` VALUES ('18', '10', '15');
INSERT INTO `tags_posts` VALUES ('19', '15', '15');

-- ----------------------------
-- Table structure for userm
-- ----------------------------
DROP TABLE IF EXISTS `userm`;
CREATE TABLE `userm` (
  `id` int(11) NOT NULL AUTO_INCREMENT,
  `username` varchar(32) COLLATE utf8_unicode_ci NOT NULL,
  `password` varchar(50) COLLATE utf8_unicode_ci NOT NULL,
  `full_name` varchar(32) COLLATE utf8_unicode_ci NOT NULL,
  `email` varchar(50) COLLATE utf8_unicode_ci DEFAULT NULL,
  `avata` varchar(20) COLLATE utf8_unicode_ci DEFAULT NULL,
  `active` int(1) DEFAULT NULL,
  PRIMARY KEY (`id`)
) ENGINE=InnoDB AUTO_INCREMENT=2 DEFAULT CHARSET=utf8 COLLATE=utf8_unicode_ci;

-- ----------------------------
-- Records of userm
-- ----------------------------
INSERT INTO `userm` VALUES ('1', 'admin', 'd033e22ae348aeb5660fc2140aec35850c4da997', 'admin', 'admin', null, '1');
